{
  "images": [
    "../assets/1.png",
    "../assets/2.png"
  ],
  " ": [
    [0,0,0,0,0,0,0],
    [0,0,0,0,0,0,0],
    [0,0,0,0,0,0,0],
    [0,0,0,0,0,0,0],
    [0,0,0,0,0,0,0],
    [0,0,0,0,0,0,0],
    [0,0,0,0,0,0,0],
    [0,0,0,0,0,0,0],
    [0,0,0,0,0,0,0],
    [0,0,0,0,0,0,0]
  ],
  ":": [
    [0,0,0,0,0,0,0],
    [0,0,0,0,0,0,0],
    [0,0,2,2,0,0,0],
    [0,0,2,2,0,0,0],
    [0,0,0,0,0,0,0],
    [0,0,0,0,0,0,0],
    [0,0,2,2,0,0,0],
    [0,0,2,2,0,0,0],
    [0,0,0,0,0,0,0],
    [0,0,0,0,0,0,0]
  ],
  "0": [
    [0,0,1,1,1,0,0],
    [0,1,1,0,1,1,0],
    [1,1,0,0,0,1,1],
    [1,1,0,0,0,1,1],
    [1,1,0,0,0,1,1],
    [1,1,0,0,0,1,1],
    [1,1,0,0,0,1,1],
    [1,1,0,0,0,1,1],
    [0,1,1,0,1,1,0],
    [0,0,1,1,1,0,0]
  ],
  "1": [
    [0,0,0,1,1,0,0],
    [0,1,1,1,1,0,0],
    [0,0,0,1,1,0,0],
    [0,0,0,1,1,0,0],
    [0,0,0,1,1,0,0],
    [0,0,0,1,1,0,0],
    [0,0,0,1,1,0,0],
    [0,0,0,1,1,0,0],
    [0,0,0,1,1,0,0],
    [1,1,1,1,1,1,1]
  ],
  "2": [
    [0,1,1,1,1,1,0],
    [1,1,0,0,0,1,1],
    [0,0,0,0,0,1,1],
    [0,0,0,0,1,1,0],
    [0,0,0,1,1,0,0],
    [0,0,1,1,0,0,0],
    [0,1,1,0,0,0,0],
    [1,1,0,0,0,0,0],
    [1,1,0,0,0,1,1],
    [1,1,1,1,1,1,1]
  ],
  "3": [
    [1,1,1,1,1,1,1],
    [0,0,0,0,0,1,1],
    [0,0,0,0,1,1,0],
    [0,0,0,1,1,0,0],
    [0,0,1,1,1,0,0],
    [0,0,0,0,1,1,0],
    [0,0,0,0,0,1,1],
    [0,0,0,0,0,1,1],
    [1,1,0,0,0,1,1],
    [0,1,1,1,1,1,0]
  ],
  "4": [
    [0,0,0,0,1,1,0],
    [0,0,0,1,1,1,0],
    [0,0,1,1,1,1,0],
    [0,1,1,0,1,1,0],
    [1,1,0,0,1,1,0],
    [1,1,1,1,1,1,1],
    [0,0,0,0,1,1,0],
    [0,0,0,0,1,1,0],
    [0,0,0,0,1,1,0],
    [0,0,0,1,1,1,1]
  ],
  "5": [
    [1,1,1,1,1,1,1],
    [1,1,0,0,0,0,0],
    [1,1,0,0,0,0,0],
    [1,1,1,1,1,1,0],
    [0,0,0,0,0,1,1],
    [0,0,0,0,0,1,1],
    [0,0,0,0,0,1,1],
    [0,0,0,0,0,1,1],
    [1,1,0,0,0,1,1],
    [0,1,1,1,1,1,0]
  ],
  "6": [
    [0,0,0,0,1,1,0],
    [0,0,1,1,0,0,0],
    [0,1,1,0,0,0,0],
    [1,1,0,0,0,0,0],
    [1,1,1,1,1,1,0],
    [1,1,0,0,0,1,1],
    [1,1,0,0,0,1,1],
    [1,1,0,0,0,1,1],
    [1,1,0,0,0,1,1],
    [0,1,1,1,1,1,0]
  ],
  "7": [
    [1,1,1,1,1,1,1],
    [1,1,0,0,0,1,1],
    [0,0,0,0,1,1,0],
    [0,0,0,0,1,1,0],
    [0,0,0,1,1,0,0],
    [0,0,0,1,1,0,0],
    [0,0,1,1,0,0,0],
    [0,0,1,1,0,0,0],
    [0,0,1,1,0,0,0],
    [0,0,1,1,0,0,0]
  ],
  "8": [
    [0,1,1,1,1,1,0],
    [1,1,0,0,0,1,1],
    [1,1,0,0,0,1,1],
    [1,1,0,0,0,1,1],
    [0,1,1,1,1,1,0],
    [1,1,0,0,0,1,1],
    [1,1,0,0,0,1,1],
    [1,1,0,0,0,1,1],
    [1,1,0,0,0,1,1],
    [0,1,1,1,1,1,0]
  ],
  "9": [
    [0,1,1,1,1,1,0],
    [1,1,0,0,0,1,1],
    [1,1,0,0,0,1,1],
    [1,1,0,0,0,1,1],
    [0,1,1,1,1,1,1],
    [0,0,0,0,0,1,1],
    [0,0,0,0,0,1,1],
    [0,0,0,0,1,1,0],
    [0,0,0,1,1,0,0],
    [0,1,1,0,0,0,0]
  ]
}